,armorDestroy,elapsedTime,itemAttach,itemDetach,itemDrop,itemEquip,itemPickup,itemUnequip,playerAttack,playerKill,playerPosition,playerTakeDamage,swim,swimEnd,swimStart,t,vehicleDestroy,vehicleLeave,vehicleRide,x,y,z
1527978956.865,,0.0,,,,,,,,,<playerPosition.playerPosition object at 0x000001B47732F4E0>,,0.0,,,1527978956.865,,,,561046.125,128393.59375,25676.900390625
1527978966.887,,0.0,,,,,,,,,<playerPosition.playerPosition object at 0x000001B47733E978>,,0.0,,,1527978966.887,,,,561046.125,128393.59375,25676.900390625
1527978976.879,,0.0,,,,,,,,,<playerPosition.playerPosition object at 0x000001B47736CE10>,,0.0,,,1527978976.879,,,,561046.125,128393.59375,25676.900390625
1527978986.872,,0.0,,,,,,,,,<playerPosition.playerPosition object at 0x000001B47748BDA0>,,0.0,,,1527978986.872,,,,561046.125,128393.59375,25676.900390625
1527978996.903,,0.0,,,,,,,,,<playerPosition.playerPosition object at 0x000001B4773BDBA8>,,0.0,,,1527978996.903,,,,561046.125,128393.59375,25676.900390625
1527979006.893,,0.0,,,,,,,,,<playerPosition.playerPosition object at 0x000001B4773B00F0>,,0.0,,,1527979006.893,,,,561046.125,128393.59375,25676.900390625
1527979016.895,,0.0,,,,,,,,,<playerPosition.playerPosition object at 0x000001B4774806D8>,,0.0,,,1527979016.895,,,,561762.6875,127145.046875,25823.96875
1527979020.179,,,,,,,,,<playerAttack.playerAttack object at 0x000001B4774F2828>,,,,0.0,,,1527979020.179,,,,560842.75,127082.90625,25824.19921875
1527979026.897,,0.0,,,,,,,,,<playerPosition.playerPosition object at 0x000001B477470C18>,,0.0,,,1527979026.897,,,,561059.4375,126783.4609375,25718.109375
1527979035.725,,,,,,<itemEquip.itemEquip object at 0x000001B476E49D68>,,,,,,,0.0,,,1527979035.725,,,,932243.625,638286.0625,150088.0
1527979035.7250998,,,,,,,<itemPickup.itemPickup object at 0x000001B4770CAB70>,,,,,,0.0,,,1527979035.7250998,,,,932243.625,638286.0625,150088.0
1527979035.7252,,,,,,,,,,,,,0.0,,,1527979035.7252,,,<vehicleRide.vehicleRide object at 0x000001B477C4AD30>,932243.625,638286.0625,150088.0
1527979037.428,,1.0,,,,,,,,,<playerPosition.playerPosition object at 0x000001B47739F0B8>,,0.0,,,1527979037.428,,,,926781.9375,635527.0625,150088.0
1527979047.411,,11.0,,,,,,,,,<playerPosition.playerPosition object at 0x000001B47736E5F8>,,0.0,,,1527979047.411,,,,795240.5625,569079.0625,150088.0
1527979057.41,,21.0,,,,,,,,,<playerPosition.playerPosition object at 0x000001B477365AC8>,,0.0,,,1527979057.41,,,,666055.125,503821.15625,150088.0
1527979067.437,,31.0,,,,,,,,,<playerPosition.playerPosition object at 0x000001B477456F98>,,0.0,,,1527979067.437,,,,536433.8125,438343.03125,150088.0
1527979077.428,,41.0,,,,,,,,,<playerPosition.playerPosition object at 0x000001B47742F4A8>,,0.0,,,1527979077.428,,,,408255.46875,373593.8125,150088.0
1527979087.426,,50.0,,,,,,,,,<playerPosition.playerPosition object at 0x000001B477928978>,,0.0,,,1527979087.426,,,,279848.90625,308729.34375,150088.0
1527979094.54,,,,,,,,,,,,,0.0,,,1527979094.54,,<vehicleLeave.vehicleLeave object at 0x000001B4777E61D0>,,187310.203125,261983.46875,150088.0
1527979094.543,,,,,,,,,,,,,0.0,,,1527979094.543,,,<vehicleRide.vehicleRide object at 0x000001B477B7B630>,188404.109375,262195.375,150015.78125
1527979097.46,,60.0,,,,,,,,,<playerPosition.playerPosition object at 0x000001B47792DE48>,,0.0,,,1527979097.46,,,,183199.90625,259566.53125,137619.171875
1527979107.466,,70.0,,,,,,,,,<playerPosition.playerPosition object at 0x000001B477936358>,,0.0,,,1527979107.466,,,,196312.125,267816.6875,80957.1171875
1527979117.435,,79.0,,,,,,,,,<playerPosition.playerPosition object at 0x000001B47793C828>,,0.0,,,1527979117.435,,,,197229.0625,268433.75,20794.99609375
1527979127.464,,89.0,,,,,,,,,<playerPosition.playerPosition object at 0x000001B477941CF8>,,0.0,,,1527979127.464,,,,202375.5625,274597.46875,3203.243408203125
1527979130.777,,,,,,,,<itemUnequip.itemUnequip object at 0x000001B476FC1B70>,,,,,0.0,,,1527979130.777,,,,201357.546875,275800.46875,1443.592041015625
1527979130.7770998,,,,,,,,,,,,,0.0,,,1527979130.7770998,,<vehicleLeave.vehicleLeave object at 0x000001B477BEA438>,,201357.546875,275800.46875,1443.592041015625
1527979134.536,,,,,,,<itemPickup.itemPickup object at 0x000001B4770FDD30>,,,,,,0.0,,,1527979134.536,,,,201088.3125,276927.59375,1257.7099609375
1527979137.469,,98.0,,,,,,,,,<playerPosition.playerPosition object at 0x000001B4779460B8>,,0.0,,,1527979137.469,,,,200029.921875,276890.0,1257.7099609375
1527979138.088,,,,,,,<itemPickup.itemPickup object at 0x000001B477100BE0>,,,,,,0.0,,,1527979138.088,,,,199836.3125,276916.46875,1257.7099609375
1527979139.998,,,,,,<itemEquip.itemEquip object at 0x000001B476E6CCF8>,,,,,,,0.0,,,1527979139.998,,,,199092.890625,276211.65625,1257.7099609375
1527979139.9980998,,,,,,,<itemPickup.itemPickup object at 0x000001B477105D30>,,,,,,0.0,,,1527979139.9980998,,,,199092.890625,276211.65625,1257.7099609375
1527979140.608,,,,,,,<itemPickup.itemPickup object at 0x000001B477105048>,,,,,,0.0,,,1527979140.608,,,,199120.890625,276118.96875,1257.7099609375
1527979141.427,,,,,,,<itemPickup.itemPickup object at 0x000001B47710A6A0>,,,,,,0.0,,,1527979141.427,,,,199052.390625,276136.625,1257.7099609375
1527979147.081,,,,,,<itemEquip.itemEquip object at 0x000001B476E73AC8>,,,,,,,0.0,,,1527979147.081,,,,197406.609375,276994.59375,1257.699951171875
1527979147.0811,,,,,,,<itemPickup.itemPickup object at 0x000001B4771127F0>,,,,,,0.0,,,1527979147.0811,,,,197406.609375,276994.59375,1257.699951171875
1527979147.427,,108.0,,,,,,,,,<playerPosition.playerPosition object at 0x000001B477951550>,,0.0,,,1527979147.427,,,,197365.8125,276966.65625,1257.699951171875
1527979149.649,,,,,,,<itemPickup.itemPickup object at 0x000001B477117320>,,,,,,0.0,,,1527979149.649,,,,197323.109375,275909.40625,1257.699951171875
1527979153.418,,,,,,,,,<playerAttack.playerAttack object at 0x000001B477519198>,,,,0.0,,,1527979153.418,,,,196657.421875,274837.96875,1140.929931640625
1527979154.062,,,,,,,,,,<playerKill.playerKill object at 0x000001B476B725C0>,,,0.0,,,1527979154.062,,,,196529.703125,274899.59375,1140.929931640625
1527979154.064,,,,,,,,,<playerAttack.playerAttack object at 0x000001B477519240>,,,,0.0,,,1527979154.064,,,,196529.703125,274899.59375,1140.929931640625
1527979157.419,,118.0,,,,,,,,,<playerPosition.playerPosition object at 0x000001B477957860>,,0.0,,,1527979157.419,,,,196413.015625,274497.03125,1140.929931640625
1527979167.424,,127.0,,,,,,,,,<playerPosition.playerPosition object at 0x000001B47795AA90>,,0.0,,,1527979167.424,,,,192234.328125,273650.1875,1140.929931640625
1527979177.471,,137.0,,,,,,,,,<playerPosition.playerPosition object at 0x000001B477960CC0>,,0.0,,,1527979177.471,,,,194328.21875,270359.21875,1260.0999755859375
1527979182.682,,,,,,,<itemPickup.itemPickup object at 0x000001B4771407F0>,,,,,,0.0,,,1527979182.682,,,,195335.46875,270952.78125,1439.6099853515625
1527979187.471,,147.0,,,,,,,,,<playerPosition.playerPosition object at 0x000001B477965E10>,,0.0,,,1527979187.471,,,,194515.515625,272161.125,1471.4599609375
1527979189.685,,,,,,<itemEquip.itemEquip object at 0x000001B476E86668>,,,,,,,0.0,,,1527979189.685,,,,193651.234375,272381.375,1439.8800048828125
1527979189.6850998,,,,,,,<itemPickup.itemPickup object at 0x000001B477145D30>,,,,,,0.0,,,1527979189.6850998,,,,193651.234375,272381.375,1439.8800048828125
1527979190.469,,,,,,,<itemPickup.itemPickup object at 0x000001B47714A240>,,,,,,0.0,,,1527979190.469,,,,193571.8125,272448.28125,1439.8800048828125
1527979197.416,,157.0,,,,,,,,,<playerPosition.playerPosition object at 0x000001B477969EF0>,,0.0,,,1527979197.416,,,,193249.21875,270915.6875,1140.929931640625
1527979200.755,,,,,<itemDrop.itemDrop object at 0x000001B476D945C0>,,,,,,,,0.0,,,1527979200.755,,,,194318.3125,270450.1875,1260.8282470703125
1527979204.777,,,,,,,<itemPickup.itemPickup object at 0x000001B47715CA90>,,,,,,0.0,,,1527979204.777,,,,194982.09375,270470.21875,1439.5899658203125
1527979207.425,,166.0,,,,,,,,,<playerPosition.playerPosition object at 0x000001B47796EF60>,,0.0,,,1527979207.425,,,,195911.890625,269737.65625,1439.5899658203125
1527979215.677,,,,,,<itemEquip.itemEquip object at 0x000001B476E8DBA8>,,,,,,,0.0,,,1527979215.677,,,,196043.171875,271587.53125,1439.6300048828125
1527979215.678,,,,,,,<itemPickup.itemPickup object at 0x000001B47716AE80>,,,,,,0.0,,,1527979215.678,,,,196043.171875,271587.53125,1439.6300048828125
1527979217.057,,,<itemAttach.itemAttach object at 0x000001B476BC2550>,,,,,,,,,,0.0,,,1527979217.057,,,,196046.390625,271640.6875,1439.6300048828125
1527979217.433,,176.0,,,,,,,,,<playerPosition.playerPosition object at 0x000001B477973F98>,,0.0,,,1527979217.433,,,,196010.578125,271681.15625,1439.6300048828125
1527979218.033,,,,,,,<itemPickup.itemPickup object at 0x000001B47716E780>,,,,,,0.0,,,1527979218.033,,,,196104.390625,271561.75,1439.6300048828125
1527979219.299,,,,,,,<itemPickup.itemPickup object at 0x000001B47716E9B0>,,,,,,0.0,,,1527979219.299,,,,196125.359375,271570.90625,1439.6300048828125
1527979227.41,,186.0,,,,,,,,,<playerPosition.playerPosition object at 0x000001B477979F60>,,0.0,,,1527979227.41,,,,195817.671875,274045.4375,1439.6199951171875
1527979237.417,,196.0,,,,,,,,,<playerPosition.playerPosition object at 0x000001B47797CE80>,,0.0,,,1527979237.417,,,,194516.671875,271867.21875,1140.929931640625
1527979242.837,,,<itemAttach.itemAttach object at 0x000001B476BC7A90>,,,,,,,,,,0.0,,,1527979242.837,,,,194382.71875,270464.125,1260.239990234375
1527979242.8370998,,,,,,,<itemPickup.itemPickup object at 0x000001B477189390>,,,,,,0.0,,,1527979242.8370998,,,,194382.71875,270464.125,1260.239990234375
1527979247.413,,205.0,,,,,,,,,<playerPosition.playerPosition object at 0x000001B477982D30>,,0.0,,,1527979247.413,,,,195216.171875,270459.65625,1498.8599853515625
1527979257.166,,,,,,<itemEquip.itemEquip object at 0x000001B476E96D68>,,,,,,,0.0,,,1527979257.166,,,,194146.171875,274264.71875,1439.6099853515625
1527979257.1660998,,,,,,,<itemPickup.itemPickup object at 0x000001B477190B00>,,,,,,0.0,,,1527979257.1660998,,,,194146.171875,274264.71875,1439.6099853515625
1527979257.43,,215.0,,,,,,,,,<playerPosition.playerPosition object at 0x000001B477987BE0>,,0.0,,,1527979257.43,,,,194123.0,274264.625,1439.6099853515625
1527979266.126,,,,,,,<itemPickup.itemPickup object at 0x000001B47719AA20>,,,,,,0.0,,,1527979266.126,,,,195686.828125,274738.96875,1439.6500244140625
1527979267.424,,225.0,,,,,,,,,<playerPosition.playerPosition object at 0x000001B47798CA58>,,0.0,,,1527979267.424,,,,196398.3125,274631.4375,1530.219970703125
1527979277.423,,,,,<itemDrop.itemDrop object at 0x000001B476D9E9B0>,,,,,,,,0.0,,,1527979277.423,,,,195992.65625,272395.4375,1439.8800048828125
1527979277.4231,,,,,,<itemEquip.itemEquip object at 0x000001B476E9AA58>,,,,,,,0.0,,,1527979277.4231,,,,195992.65625,272395.4375,1439.8800048828125
1527979277.4232001,,,,,,,<itemPickup.itemPickup object at 0x000001B47719D048>,,,,,,0.0,,,1527979277.4232001,,,,195992.65625,272395.4375,1439.8800048828125
1527979277.4233,,,,,,,,<itemUnequip.itemUnequip object at 0x000001B476FF2AC8>,,,,,0.0,,,1527979277.4233,,,,195992.65625,272395.4375,1439.8800048828125
1527979277.424,,,,,,,<itemPickup.itemPickup object at 0x000001B47719D080>,,,,,,0.0,,,1527979277.424,,,,195992.65625,272395.4375,1439.8800048828125
1527979277.425,,235.0,,,,,,,,,<playerPosition.playerPosition object at 0x000001B4779908D0>,,0.0,,,1527979277.425,,,,195992.65625,272395.4375,1439.8800048828125
1527979278.103,,,,,,,,<itemUnequip.itemUnequip object at 0x000001B476FF2198>,,,,,0.0,,,1527979278.103,,,,195910.8125,272443.46875,1439.8800048828125
1527979278.104,,,,,<itemDrop.itemDrop object at 0x000001B476D9EA90>,,,,,,,,0.0,,,1527979278.104,,,,195910.8125,272443.46875,1439.8800048828125
1527979278.1041,,,,,,<itemEquip.itemEquip object at 0x000001B476E9ABA8>,,,,,,,0.0,,,1527979278.1041,,,,195910.8125,272443.46875,1439.8800048828125
1527979278.1042001,,,,,,,<itemPickup.itemPickup object at 0x000001B4771A3390>,,,,,,0.0,,,1527979278.1042001,,,,195910.8125,272443.46875,1439.8800048828125
1527979280.111,,,,,,,<itemPickup.itemPickup object at 0x000001B4771A38D0>,,,,,,0.0,,,1527979280.111,,,,196129.78125,272509.78125,1439.8800048828125
1527979287.448,,245.0,,,,,,,,,<playerPosition.playerPosition object at 0x000001B4779956D8>,,0.0,,,1527979287.448,,,,195639.5625,271033.53125,1140.929931640625
1527979297.428,,254.0,,,,,,,,,<playerPosition.playerPosition object at 0x000001B47799B4A8>,,0.0,,,1527979297.428,,,,194194.21875,270717.71875,1140.929931640625
1527979307.433,,264.0,,,,,,,,,<playerPosition.playerPosition object at 0x000001B47799E240>,,0.0,,,1527979307.433,,,,193041.71875,269647.78125,1140.929931640625
1527979317.458,,274.0,,,,,,,,,<playerPosition.playerPosition object at 0x000001B47799EF98>,,0.0,,,1527979317.458,,,,190761.0625,272331.53125,1140.929931640625
1527979327.414,,284.0,,,,,,,,,<playerPosition.playerPosition object at 0x000001B4779A4CF8>,,0.0,,,1527979327.414,,,,194854.234375,269438.6875,1140.929931640625
1527979337.107,,,,,,,<itemPickup.itemPickup object at 0x000001B4771C8710>,,,,,,0.0,,,1527979337.107,,,,196707.9375,269147.28125,1462.1099853515625
1527979337.443,,294.0,,,,,,,,,<playerPosition.playerPosition object at 0x000001B4779A9A20>,,0.0,,,1527979337.443,,,,196695.03125,269122.125,1462.1099853515625
1527979346.157,,,,,,,,,,,,<playerTakeDamage.playerTakeDamage object at 0x000001B477D3D390>,0.0,,,1527979346.157,,,,201110.515625,269412.34375,1147.3499755859375
1527979347.448,,303.0,,,,,,,,,<playerPosition.playerPosition object at 0x000001B4779AE748>,,0.0,,,1527979347.448,,,,201742.28125,269604.84375,1259.6500244140625
1527979348.73,,,,,,,<itemPickup.itemPickup object at 0x000001B4771CD780>,,,,,,0.0,,,1527979348.73,,,,201904.390625,268980.3125,1267.449951171875
1527979348.987,,,,,,,,,,,,<playerTakeDamage.playerTakeDamage object at 0x000001B477D3D550>,0.0,,,1527979348.987,,,,201974.828125,269027.4375,1267.449951171875
1527979354.77,,,,,,,<itemPickup.itemPickup object at 0x000001B4771D1550>,,,,,,0.0,,,1527979354.77,,,,204394.078125,269057.6875,1267.449951171875
1527979355.505,,,,,,,<itemPickup.itemPickup object at 0x000001B4771D1710>,,,,,,0.0,,,1527979355.505,,,,204433.03125,269020.46875,1267.449951171875
1527979357.416,,313.0,,,,,,,,,<playerPosition.playerPosition object at 0x000001B4779B2438>,,0.0,,,1527979357.416,,,,205190.890625,268925.4375,1364.1199951171875
1527979360.87,,,<itemAttach.itemAttach object at 0x000001B476BEF320>,,,,,,,,,,0.0,,,1527979360.87,,,,205306.8125,269002.84375,1349.2899169921875
1527979367.434,,323.0,,,,,,,,,<playerPosition.playerPosition object at 0x000001B4779B2160>,,0.0,,,1527979367.434,,,,205331.59375,268976.90625,1349.0599365234375
1527979377.423,,333.0,,,,,,,,,<playerPosition.playerPosition object at 0x000001B4779B8D30>,,0.0,,,1527979377.423,,,,205331.59375,268976.90625,1349.0599365234375
1527979387.417,,343.0,,,,,,,,,<playerPosition.playerPosition object at 0x000001B4779BD9B0>,,0.0,,,1527979387.417,,,,205331.59375,268976.90625,1349.0599365234375
1527979395.075,,,<itemAttach.itemAttach object at 0x000001B476BF5C50>,,,,,,,,,,0.0,,,1527979395.075,,,,205331.59375,268976.90625,1349.0599365234375
1527979395.0751,,,,<itemDetach.itemDetach object at 0x000001B476CC1198>,,,,,,,,,0.0,,,1527979395.0751,,,,205331.59375,268976.90625,1349.0599365234375
1527979397.432,,353.0,,,,,,,,,<playerPosition.playerPosition object at 0x000001B4779C0630>,,0.0,,,1527979397.432,,,,205331.59375,268976.90625,1349.0599365234375
1527979402.231,,,,,,,<itemPickup.itemPickup object at 0x000001B4771E87F0>,,,,,,0.0,,,1527979402.231,,,,205527.3125,270057.09375,1267.449951171875
1527979407.418,,362.0,,,,,,,,,<playerPosition.playerPosition object at 0x000001B4779C62B0>,,0.0,,,1527979407.418,,,,204428.109375,271953.1875,1147.179931640625
1527979416.213,,,,,,,<itemPickup.itemPickup object at 0x000001B4771F0240>,,,,,,0.0,,,1527979416.213,,,,204452.15625,274770.03125,1164.0999755859375
1527979416.875,,,,,<itemDrop.itemDrop object at 0x000001B476DAA940>,,,,,,,,0.0,,,1527979416.875,,,,204452.15625,274770.03125,1164.0999755859375
1527979417.416,,372.0,,,,,,,,,<playerPosition.playerPosition object at 0x000001B4779C6EB8>,,0.0,,,1527979417.416,,,,204445.171875,274770.6875,1164.0999755859375
1527979427.427,,382.0,,,,,,,,,<playerPosition.playerPosition object at 0x000001B4779CBB00>,,0.0,,,1527979427.427,,,,206235.890625,275764.40625,1166.0999755859375
1527979437.424,,392.0,,,,,,,,,<playerPosition.playerPosition object at 0x000001B4779D06D8>,,0.0,,,1527979437.424,,,,208929.3125,274027.1875,1147.18994140625
1527979447.43,,402.0,,,,,,,,,<playerPosition.playerPosition object at 0x000001B4779D42B0>,,0.0,,,1527979447.43,,,,212042.234375,269354.53125,1147.18994140625
1527979452.702,,,,,,,,<itemUnequip.itemUnequip object at 0x000001B477022B00>,,,,,0.0,,,1527979452.702,,,,212037.734375,266598.0,1147.18994140625
1527979452.7020998,,,,,,,,,<playerAttack.playerAttack object at 0x000001B4775C1D68>,,,,0.0,,,1527979452.7020998,,,,212037.734375,266598.0,1147.18994140625
1527979457.417,,412.0,,,,,,,,,<playerPosition.playerPosition object at 0x000001B4779D4DA0>,,0.0,,,1527979457.417,,,,211654.53125,265269.5,1147.18994140625
1527979463.91,,,,,,,,,,,,<playerTakeDamage.playerTakeDamage object at 0x000001B477D48390>,0.0,,,1527979463.91,,,,210808.171875,262119.3125,1147.18994140625
1527979467.436,,422.0,,,,,,,,,<playerPosition.playerPosition object at 0x000001B4779DA898>,,0.0,,,1527979467.436,,,,210837.59375,261619.515625,1119.179931640625
1527979470.57,,,,,,<itemEquip.itemEquip object at 0x000001B476EACAC8>,,,,,,,0.0,,,1527979470.57,,,,211196.21875,261740.59375,1119.179931640625
1527979470.5700998,,,,,,,<itemPickup.itemPickup object at 0x000001B477203A90>,,,,,,0.0,,,1527979470.5700998,,,,211196.21875,261740.59375,1119.179931640625
1527979471.092,,,,,,,<itemPickup.itemPickup object at 0x000001B477203B00>,,,,,,0.0,,,1527979471.092,,,,211109.96875,261694.46875,1119.179931640625
1527979473.886,,,,,,<itemEquip.itemEquip object at 0x000001B476EACC18>,,,,,,,0.0,,,1527979473.886,,,,210976.421875,261677.296875,1119.179931640625
1527979473.8860998,,,,,,,,<itemUnequip.itemUnequip object at 0x000001B477022358>,,,,,0.0,,,1527979473.8860998,,,,210976.421875,261677.296875,1119.179931640625
1527979477.242,,,,,,,,,<playerAttack.playerAttack object at 0x000001B4775CE4E0>,,,,0.0,,,1527979477.242,,,,210932.6875,261748.171875,1119.179931640625
1527979477.243,,,,,,<itemEquip.itemEquip object at 0x000001B476EACC88>,,,,,,,0.0,,,1527979477.243,,,,210932.6875,261748.171875,1119.179931640625
1527979477.2431,,,,,,,,<itemUnequip.itemUnequip object at 0x000001B477022278>,,,,,0.0,,,1527979477.2431,,,,210932.6875,261748.171875,1119.179931640625
1527979477.409,,431.0,,,,,,,,,<playerPosition.playerPosition object at 0x000001B4779DF358>,,0.0,,,1527979477.409,,,,210918.09375,261722.640625,1119.179931640625
1527979479.534,,,,,,<itemEquip.itemEquip object at 0x000001B476EACCF8>,,,,,,,0.0,,,1527979479.534,,,,210832.328125,261846.8125,1119.179931640625
1527979479.5340998,,,,,,,,<itemUnequip.itemUnequip object at 0x000001B477022160>,,,,,0.0,,,1527979479.5340998,,,,210832.328125,261846.8125,1119.179931640625
1527979479.5342,,,,,,,,,<playerAttack.playerAttack object at 0x000001B4775CEA20>,,,,0.0,,,1527979479.5342,,,,210832.328125,261846.8125,1119.179931640625
1527979482.907,,,,,,,<itemPickup.itemPickup object at 0x000001B477208550>,,,,,,0.0,,,1527979482.907,,,,211074.390625,261706.109375,1119.179931640625
1527979484.718,,,,,,<itemEquip.itemEquip object at 0x000001B476EACDD8>,,,,,,,0.0,,,1527979484.718,,,,210950.390625,261633.21875,1119.179931640625
1527979484.7180998,,,,,,,,<itemUnequip.itemUnequip object at 0x000001B477022080>,,,,,0.0,,,1527979484.7180998,,,,210950.390625,261633.21875,1119.179931640625
1527979487.416,,441.0,,,,,,,,,<playerPosition.playerPosition object at 0x000001B4779DFDD8>,,0.0,,,1527979487.416,,,,211033.5625,261647.546875,1119.179931640625
1527979492.669,,,,,,<itemEquip.itemEquip object at 0x000001B476EACF98>,,,,,,,0.0,,,1527979492.669,,,,211271.296875,261684.3125,1119.179931640625
1527979492.6690998,,,,,,,,<itemUnequip.itemUnequip object at 0x000001B477027A90>,,,,,0.0,,,1527979492.6690998,,,,211271.296875,261684.3125,1119.179931640625
1527979492.6692,,,,,,,,,<playerAttack.playerAttack object at 0x000001B4775D2AC8>,,,,0.0,,,1527979492.6692,,,,211271.296875,261684.3125,1119.179931640625
1527979497.434,,451.0,,,,,,,,,<playerPosition.playerPosition object at 0x000001B4779E2898>,,0.0,,,1527979497.434,,,,210921.890625,261730.59375,1100.179931640625
1527979501.216,,,,,,,<itemPickup.itemPickup object at 0x000001B47720D710>,,,,,,0.0,,,1527979501.216,,,,210817.359375,261499.421875,1100.179931640625
1527979501.949,,,,,,,<itemPickup.itemPickup object at 0x000001B47720D780>,,,,,,0.0,,,1527979501.949,,,,210817.359375,261499.421875,1100.179931640625
1527979502.509,,,,,,,<itemPickup.itemPickup object at 0x000001B47720D7F0>,,,,,,0.0,,,1527979502.509,,,,210817.359375,261499.421875,1100.179931640625
1527979503.21,,,,,,,<itemPickup.itemPickup object at 0x000001B47720D940>,,,,,,0.0,,,1527979503.21,,,,210817.359375,261499.421875,1100.179931640625
1527979503.698,,,,,,,<itemPickup.itemPickup object at 0x000001B47720DA20>,,,,,,0.0,,,1527979503.698,,,,210817.359375,261499.421875,1100.179931640625
1527979504.163,,,,,,,<itemPickup.itemPickup object at 0x000001B47720DBE0>,,,,,,0.0,,,1527979504.163,,,,210817.359375,261499.421875,1100.179931640625
1527979504.658,,,,,,<itemEquip.itemEquip object at 0x000001B476EB3278>,,,,,,,0.0,,,1527979504.658,,,,210817.359375,261499.421875,1100.179931640625
1527979504.6581,,,,,,,<itemPickup.itemPickup object at 0x000001B47720DD30>,,,,,,0.0,,,1527979504.6581,,,,210817.359375,261499.421875,1100.179931640625
1527979505.687,,,,,,,,<itemUnequip.itemUnequip object at 0x000001B47702FCF8>,,,,,0.0,,,1527979505.687,,,,210817.359375,261499.421875,1100.179931640625
1527979505.688,,,,,<itemDrop.itemDrop object at 0x000001B476DB41D0>,,,,,,,,0.0,,,1527979505.688,,,,210817.359375,261499.421875,1100.179931640625
1527979505.6880999,,,,,,<itemEquip.itemEquip object at 0x000001B476EB32E8>,,,,,,,0.0,,,1527979505.6880999,,,,210817.359375,261499.421875,1100.179931640625
1527979505.6882,,,,,,,<itemPickup.itemPickup object at 0x000001B47720D128>,,,,,,0.0,,,1527979505.6882,,,,210817.359375,261499.421875,1100.179931640625
1527979506.69,,,,,,<itemEquip.itemEquip object at 0x000001B476EB33C8>,,,,,,,0.0,,,1527979506.69,,,,210817.359375,261499.421875,1100.179931640625
1527979506.6901,,,,,,,<itemPickup.itemPickup object at 0x000001B47720D048>,,,,,,0.0,,,1527979506.6901,,,,210817.359375,261499.421875,1100.179931640625
1527979507.449,,461.0,,,,,,,,,<playerPosition.playerPosition object at 0x000001B4779E8358>,,0.0,,,1527979507.449,,,,210817.359375,261499.421875,1100.179931640625
1527979508.726,,,,,<itemDrop.itemDrop object at 0x000001B476DB4400>,,,,,,,,0.0,,,1527979508.726,,,,210817.359375,261499.421875,1100.179931640625
1527979508.7261,,,,,,,<itemPickup.itemPickup object at 0x000001B4772102B0>,,,,,,0.0,,,1527979508.7261,,,,210817.359375,261499.421875,1100.179931640625
1527979508.7262,,,,,,,,<itemUnequip.itemUnequip object at 0x000001B4770346A0>,,,,,0.0,,,1527979508.7262,,,,210817.359375,261499.421875,1100.179931640625
1527979508.727,,,,,,<itemEquip.itemEquip object at 0x000001B476EB3518>,,,,,,,0.0,,,1527979508.727,,,,210817.359375,261499.421875,1100.179931640625
1527979508.7271,,,,,,,<itemPickup.itemPickup object at 0x000001B477210320>,,,,,,0.0,,,1527979508.7271,,,,210817.359375,261499.421875,1100.179931640625
1527979509.421,,,,,,,<itemPickup.itemPickup object at 0x000001B477210390>,,,,,,0.0,,,1527979509.421,,,,210817.359375,261499.421875,1100.179931640625
1527979510.005,,,,,,,<itemPickup.itemPickup object at 0x000001B477210400>,,,,,,0.0,,,1527979510.005,,,,210817.359375,261499.421875,1100.179931640625
1527979510.547,,,,,,,<itemPickup.itemPickup object at 0x000001B477210550>,,,,,,0.0,,,1527979510.547,,,,210817.359375,261499.421875,1100.179931640625
1527979517.412,,471.0,,,,,,,,,<playerPosition.playerPosition object at 0x000001B4779E8DD8>,,0.0,,,1527979517.412,,,,210822.328125,261550.171875,1147.179931640625
1527979527.418,,481.0,,,,,,,,,<playerPosition.playerPosition object at 0x000001B4779ED898>,,0.0,,,1527979527.418,,,,214129.3125,264943.84375,1147.179931640625
1527979537.417,,490.0,,,,,,,,,<playerPosition.playerPosition object at 0x000001B4779F2320>,,0.0,,,1527979537.417,,,,214414.09375,268929.84375,1147.179931640625
1527979543.582,,,<itemAttach.itemAttach object at 0x000001B476C0ED30>,,,,,,,,,,0.0,,,1527979543.582,,,,214036.09375,270308.40625,1147.179931640625
1527979547.419,,500.0,,,,,,,,,<playerPosition.playerPosition object at 0x000001B4779F2D30>,,0.0,,,1527979547.419,,,,214642.53125,271378.3125,1147.179931640625
1527979557.41,,510.0,,,,,,,,,<playerPosition.playerPosition object at 0x000001B4779F6780>,,0.0,,,1527979557.41,,,,215451.03125,276051.3125,1262.280029296875
1527979564.148,,,,,,,<itemPickup.itemPickup object at 0x000001B477223400>,,,,,,0.0,,,1527979564.148,,,,215265.578125,278334.875,1119.179931640625
1527979567.412,,520.0,,,,,,,,,<playerPosition.playerPosition object at 0x000001B4779F6048>,,0.0,,,1527979567.412,,,,215271.953125,278336.65625,1119.179931640625
1527979568.959,,,,,<itemDrop.itemDrop object at 0x000001B476DB9710>,,,,,,,,0.0,,,1527979568.959,,,,215268.3125,278348.40625,1119.179931640625
1527979570.776,,,,,<itemDrop.itemDrop object at 0x000001B476DB9780>,,,,,,,,0.0,,,1527979570.776,,,,215271.890625,278336.84375,1119.179931640625
1527979577.41,,530.0,,,,,,,,,<playerPosition.playerPosition object at 0x000001B4779FCB70>,,0.0,,,1527979577.41,,,,215933.109375,278982.625,1147.179931640625
1527979587.424,,540.0,,,,,,,,,<playerPosition.playerPosition object at 0x000001B477A01588>,,0.0,,,1527979587.424,,,,216511.953125,282005.40625,1147.18994140625
1527979597.436,,549.0,,,,,,,,,<playerPosition.playerPosition object at 0x000001B477A01EF0>,,0.0,,,1527979597.436,,,,218508.828125,283269.09375,1147.179931640625
1527979607.431,,559.0,,,,,,,,,<playerPosition.playerPosition object at 0x000001B477A05898>,,0.0,,,1527979607.431,,,,217636.421875,286424.1875,1128.43994140625
1527979617.413,,569.0,,,,,,,,,<playerPosition.playerPosition object at 0x000001B477A0A240>,,0.0,,,1527979617.413,,,,215329.078125,291637.4375,1119.0599365234375
1527979626.708,,,,,,,,,,,,,0.0,,,1527979626.708,,,<vehicleRide.vehicleRide object at 0x000001B477B9B8D0>,214282.859375,296674.0625,1157.509765625
1527979627.413,,579.0,,,,,,,,,<playerPosition.playerPosition object at 0x000001B477A0ABA8>,,0.0,,,1527979627.413,,,,214265.34375,296658.375,1157.5760498046875
1527979637.404,,589.0,,,,,,,,,<playerPosition.playerPosition object at 0x000001B477A0F550>,,0.0,,,1527979637.404,,,,205120.5625,293418.0,1196.7772216796875
1527979647.416,,599.0,,,,,,,,,<playerPosition.playerPosition object at 0x000001B477A0FEB8>,,0.0,,,1527979647.416,,,,185612.140625,299461.03125,995.4000244140624
1527979657.446,,609.0,,,,,,,,,<playerPosition.playerPosition object at 0x000001B477A14860>,,0.0,,,1527979657.446,,,,185887.078125,324926.375,1135.6668701171875
1527979667.445,,618.0,,,,,,,,,<playerPosition.playerPosition object at 0x000001B477A18208>,,0.0,,,1527979667.445,,,,196799.296875,348445.96875,4167.08740234375
1527979677.42,,628.0,,,,,,,,,<playerPosition.playerPosition object at 0x000001B477A18B38>,,0.0,,,1527979677.42,,,,208235.65625,365451.59375,1687.341064453125
1527979687.436,,638.0,,,,,,,,,<playerPosition.playerPosition object at 0x000001B477A1E4A8>,,0.0,,,1527979687.436,,,,225316.453125,360396.40625,1688.7410888671875
1527979697.421,,648.0,,,,,,,,,<playerPosition.playerPosition object at 0x000001B477A1EDD8>,,0.0,,,1527979697.421,,,,244483.390625,348322.78125,2690.91845703125
1527979707.415,,658.0,,,,,,,,,<playerPosition.playerPosition object at 0x000001B477A23748>,,0.0,,,1527979707.415,,,,261476.703125,336080.21875,4586.9912109375
1527979710.901,,,,,,,,,,,,,0.0,,,1527979710.901,,<vehicleLeave.vehicleLeave object at 0x000001B477BFDB38>,,264785.34375,334906.0625,4832.64794921875
1527979717.412,,668.0,,,,,,,,,<playerPosition.playerPosition object at 0x000001B477A23128>,,0.0,,,1527979717.412,,,,267174.125,335706.625,4797.1796875
1527979727.415,,677.0,,,,,,,,,<playerPosition.playerPosition object at 0x000001B477A279E8>,,0.0,,,1527979727.415,,,,268258.03125,334513.6875,4808.2998046875
1527979730.136,,,,,,,<itemPickup.itemPickup object at 0x000001B4772485C0>,,,,,,0.0,,,1527979730.136,,,,268352.59375,334380.75,4808.2998046875
1527979733.28,,,,,,,<itemPickup.itemPickup object at 0x000001B4772489B0>,,,,,,0.0,,,1527979733.28,,,,268381.40625,334433.4375,4808.2998046875
1527979737.424,,687.0,,,,,,,,,<playerPosition.playerPosition object at 0x000001B477A2C358>,,0.0,,,1527979737.424,,,,267662.34375,333836.15625,4797.1796875
1527979747.419,,697.0,,,,,,,,,<playerPosition.playerPosition object at 0x000001B477A2CC88>,,0.0,,,1527979747.419,,,,268666.65625,332424.125,4797.1796875
1527979757.407,,707.0,,,,,,,,,<playerPosition.playerPosition object at 0x000001B477A325F8>,,0.0,,,1527979757.407,,,,267858.6875,334313.375,4808.2998046875
1527979762.897,,,,,,,,,<playerAttack.playerAttack object at 0x000001B4776030F0>,,,,0.0,,,1527979762.897,,,,267589.625,335920.15625,4797.1796875
1527979762.995,,,,,,,,,<playerAttack.playerAttack object at 0x000001B477609198>,,,,0.0,,,1527979762.995,,,,267589.625,335920.15625,4797.1796875
1527979763.064,,,,,,,,,<playerAttack.playerAttack object at 0x000001B477609240>,,,,0.0,,,1527979763.064,,,,267589.625,335920.15625,4797.1796875
1527979763.164,,,,,,,,,<playerAttack.playerAttack object at 0x000001B4776092E8>,,,,0.0,,,1527979763.164,,,,267589.625,335920.15625,4797.1796875
1527979763.236,,,,,,,,,<playerAttack.playerAttack object at 0x000001B477609390>,,,,0.0,,,1527979763.236,,,,267589.625,335920.15625,4797.1796875
1527979763.307,,,,,,,,,<playerAttack.playerAttack object at 0x000001B477609438>,,,,0.0,,,1527979763.307,,,,267589.625,335920.15625,4797.1796875
1527979763.403,,,,,,,,,<playerAttack.playerAttack object at 0x000001B4776094E0>,,,,0.0,,,1527979763.403,,,,267589.625,335920.15625,4797.1796875
1527979763.47,,,,,,,,,<playerAttack.playerAttack object at 0x000001B477609588>,,,,0.0,,,1527979763.47,,,,267589.625,335920.15625,4797.1796875
1527979763.567,,,,,,,,,<playerAttack.playerAttack object at 0x000001B477609630>,,,,0.0,,,1527979763.567,,,,267589.625,335920.15625,4797.1796875
1527979763.64,,,,,,,,,<playerAttack.playerAttack object at 0x000001B4776096D8>,,,,0.0,,,1527979763.64,,,,267589.625,335920.15625,4797.1796875
1527979763.723,,,,,,,,,<playerAttack.playerAttack object at 0x000001B477609780>,,,,0.0,,,1527979763.723,,,,267589.625,335920.15625,4797.1796875
1527979763.808,,,,,,,,,<playerAttack.playerAttack object at 0x000001B4776098D0>,,,,0.0,,,1527979763.808,,,,267589.625,335920.15625,4797.1796875
1527979763.89,,,,,,,,,,<playerKill.playerKill object at 0x000001B476F7D2E8>,,,0.0,,,1527979763.89,,,,267589.625,335920.15625,4797.1796875
1527979763.893,,,,,,,,,<playerAttack.playerAttack object at 0x000001B477609A20>,,,,0.0,,,1527979763.893,,,,267589.625,335920.15625,4797.1796875
1527979763.989,,,,,,,,,<playerAttack.playerAttack object at 0x000001B477609B70>,,,,0.0,,,1527979763.989,,,,267589.625,335920.15625,4797.1796875
1527979764.057,,,,,,,,,<playerAttack.playerAttack object at 0x000001B477609C18>,,,,0.0,,,1527979764.057,,,,267589.53125,335920.0625,4797.1796875
1527979764.126,,,,,,,,,<playerAttack.playerAttack object at 0x000001B477609CC0>,,,,0.0,,,1527979764.126,,,,267584.53125,335917.0625,4797.1796875
1527979764.223,,,,,,,,,<playerAttack.playerAttack object at 0x000001B477609D68>,,,,0.0,,,1527979764.223,,,,267579.75,335914.03125,4797.1796875
1527979764.294,,,,,,,,,<playerAttack.playerAttack object at 0x000001B477609E10>,,,,0.0,,,1527979764.294,,,,267566.75,335905.3125,4797.1796875
1527979764.391,,,,,,,,,<playerAttack.playerAttack object at 0x000001B477609EB8>,,,,0.0,,,1527979764.391,,,,267556.4375,335898.1875,4797.1796875
1527979767.415,,717.0,,,,,,,,,<playerPosition.playerPosition object at 0x000001B477A32F28>,,0.0,,,1527979767.415,,,,268124.1875,335103.5,4780.31005859375
1527979767.54,,,,,,,<itemPickup.itemPickup object at 0x000001B47724DB70>,,,,,,0.0,,,1527979767.54,,,,268125.21875,335101.53125,4780.31005859375
1527979768.166,,,,,,,<itemPickup.itemPickup object at 0x000001B47724DC50>,,,,,,0.0,,,1527979768.166,,,,268121.9375,335082.8125,4780.31005859375
1527979769.286,,,,,,,<itemPickup.itemPickup object at 0x000001B47724DCC0>,,,,,,0.0,,,1527979769.286,,,,268121.9375,335082.8125,4780.31005859375
1527979775.208,,,,,,<itemEquip.itemEquip object at 0x000001B476EBAA58>,,,,,,,0.0,,,1527979775.208,,,,268069.5,335053.6875,4780.31005859375
1527979775.209,,,,,,,<itemPickup.itemPickup object at 0x000001B47724DF60>,,,,,,0.0,,,1527979775.209,,,,268069.5,335053.6875,4780.31005859375
1527979777.447,,727.0,,,,,,,,,<playerPosition.playerPosition object at 0x000001B477A35860>,,0.0,,,1527979777.447,,,,268101.6875,335071.53125,4780.31005859375
1527979780.381,,,,,<itemDrop.itemDrop object at 0x000001B476DC6400>,,,,,,,,0.0,,,1527979780.381,,,,268089.65625,335064.84375,4780.31005859375
1527979780.3811,,,,,,<itemEquip.itemEquip object at 0x000001B476EBAB38>,,,,,,,0.0,,,1527979780.3811,,,,268089.65625,335064.84375,4780.31005859375
1527979780.3812,,,,,,,<itemPickup.itemPickup object at 0x000001B477251320>,,,,,,0.0,,,1527979780.3812,,,,268089.65625,335064.84375,4780.31005859375
1527979780.3813,,,,,,,,<itemUnequip.itemUnequip object at 0x000001B47705A278>,,,,,0.0,,,1527979780.3813,,,,268089.65625,335064.84375,4780.31005859375
1527979780.382,,,,,,,<itemPickup.itemPickup object at 0x000001B477251390>,,,,,,0.0,,,1527979780.382,,,,268089.65625,335064.84375,4780.31005859375
1527979781.857,,,<itemAttach.itemAttach object at 0x000001B476C2A940>,,,,,,,,,,0.0,,,1527979781.857,,,,268079.21875,335083.625,4780.31005859375
1527979787.435,,736.0,,,,,,,,,<playerPosition.playerPosition object at 0x000001B477A35128>,,0.0,,,1527979787.435,,,,268058.6875,335100.0,4780.31005859375
1527979789.882,,,,,<itemDrop.itemDrop object at 0x000001B476DC6550>,,,,,,,,0.0,,,1527979789.882,,,,268065.65625,335087.4375,4780.31005859375
1527979790.756,,,,,<itemDrop.itemDrop object at 0x000001B476DC65C0>,,,,,,,,0.0,,,1527979790.756,,,,268079.0625,335094.9375,4780.31005859375
1527979791.689,,,,,<itemDrop.itemDrop object at 0x000001B476DC66A0>,,,,,,,,0.0,,,1527979791.689,,,,268079.0625,335094.9375,4780.31005859375
1527979797.431,,746.0,,,,,,,,,<playerPosition.playerPosition object at 0x000001B477A3AA90>,,0.0,,,1527979797.431,,,,267937.03125,334690.9375,4808.31005859375
1527979801.018,,,,,<itemDrop.itemDrop object at 0x000001B476DC6860>,,,,,,,,0.0,,,1527979801.018,,,,268080.59375,334981.78125,4780.31005859375
1527979807.42,,756.0,,,,,,,,,<playerPosition.playerPosition object at 0x000001B477A403C8>,,0.0,,,1527979807.42,,,,267672.90625,335726.28125,4808.31005859375
1527979812.676,,,,,,,<itemPickup.itemPickup object at 0x000001B477255940>,,,,,,0.0,,,1527979812.676,,,,268108.0625,335066.65625,4808.31005859375
1527979817.428,,766.0,,,,,,,,,<playerPosition.playerPosition object at 0x000001B477A40C88>,,0.0,,,1527979817.428,,,,268108.0625,335066.65625,4780.31005859375
1527979824.047,,,,,<itemDrop.itemDrop object at 0x000001B476DC6DA0>,,,,,,,,0.0,,,1527979824.047,,,,268117.15625,335051.9375,4780.31005859375
1527979827.413,,776.0,,,,,,,,,<playerPosition.playerPosition object at 0x000001B477A45588>,,0.0,,,1527979827.413,,,,268068.78125,335027.40625,4780.31005859375
1527979828.269,,,,,,,,<itemUnequip.itemUnequip object at 0x000001B477060EB8>,,,,,0.0,,,1527979828.269,,,,268123.9375,335055.40625,4780.31005859375
1527979828.27,,,,,<itemDrop.itemDrop object at 0x000001B476DC6E10>,,,,,,,,0.0,,,1527979828.27,,,,268123.9375,335055.40625,4780.31005859375
1527979828.2700999,,,,,,<itemEquip.itemEquip object at 0x000001B476EBAE48>,,,,,,,0.0,,,1527979828.2700999,,,,268123.9375,335055.40625,4780.31005859375
1527979828.2702,,,,,,,<itemPickup.itemPickup object at 0x000001B477255EF0>,,,,,,0.0,,,1527979828.2702,,,,268123.9375,335055.40625,4780.31005859375
1527979831.257,,,,,,,<itemPickup.itemPickup object at 0x000001B477255080>,,,,,,0.0,,,1527979831.257,,,,268075.125,335030.625,4780.31005859375
1527979832.13,,,,,,,<itemPickup.itemPickup object at 0x000001B47725A240>,,,,,,0.0,,,1527979832.13,,,,268084.625,335035.4375,4780.31005859375
1527979833.34,,,,,,,<itemPickup.itemPickup object at 0x000001B47725A2B0>,,,,,,0.0,,,1527979833.34,,,,268084.625,335035.4375,4780.31005859375
1527979837.416,,785.0,,,,,,,,,<playerPosition.playerPosition object at 0x000001B477A45E48>,,0.0,,,1527979837.416,,,,268081.78125,335034.0,4780.31005859375
1527979838.992,,,,,,,<itemPickup.itemPickup object at 0x000001B47725A400>,,,,,,0.0,,,1527979838.992,,,,268096.34375,335041.40625,4780.31005859375
1527979847.44,,795.0,,,,,,,,,<playerPosition.playerPosition object at 0x000001B477A49748>,,0.0,,,1527979847.44,,,,268063.5625,335024.75,4780.31005859375
1527979855.251,,,,,,,<itemPickup.itemPickup object at 0x000001B47725A6A0>,,,,,,0.0,,,1527979855.251,,,,268063.5625,335024.75,4780.31005859375
1527979857.412,,805.0,,,,,,,,,<playerPosition.playerPosition object at 0x000001B477A49198>,,0.0,,,1527979857.412,,,,268063.5625,335024.75,4780.31005859375
1527979866.983,,,,,,,,,<playerAttack.playerAttack object at 0x000001B477631588>,,,,0.0,,,1527979866.983,,,,267703.3125,336109.0,4797.18994140625
1527979867.054,,,,,,,,,<playerAttack.playerAttack object at 0x000001B477631630>,,,,0.0,,,1527979867.054,,,,267703.3125,336109.0,4797.18994140625
1527979867.154,,,,,,,,,<playerAttack.playerAttack object at 0x000001B4776316D8>,,,,0.0,,,1527979867.154,,,,267703.3125,336109.0,4797.18994140625
1527979867.222,,,,,,,,,<playerAttack.playerAttack object at 0x000001B477631780>,,,,0.0,,,1527979867.222,,,,267703.5,336108.9375,4797.18994140625
1527979867.323,,,,,,,,,<playerAttack.playerAttack object at 0x000001B477631828>,,,,0.0,,,1527979867.323,,,,267705.875,336108.78125,4797.18994140625
1527979867.435,,815.0,,,,,,,,,<playerPosition.playerPosition object at 0x000001B477A4E8D0>,,0.0,,,1527979867.435,,,,267718.21875,336115.625,4797.18994140625
1527979877.441,,825.0,,,,,,,,,<playerPosition.playerPosition object at 0x000001B477A4E048>,,0.0,,,1527979877.441,,,,266856.03125,338122.71875,4720.77978515625
1527979887.435,,835.0,,,,,,,,,<playerPosition.playerPosition object at 0x000001B477A54A20>,,0.0,,,1527979887.435,,,,267245.65625,334103.625,4797.18994140625
1527979888.0,,,,,,,,,,,,,0.0,,,1527979888.0,,,<vehicleRide.vehicleRide object at 0x000001B477B2B5C0>,267584.40625,333831.21875,4846.505859375
1527979893.616,,,,,,,,,,,,,0.0,,,1527979893.616,,<vehicleLeave.vehicleLeave object at 0x000001B477C1B748>,,265088.9375,332075.75,4837.87890625
1527979897.419,,844.0,,,,,,,,,<playerPosition.playerPosition object at 0x000001B477A572E8>,,0.0,,,1527979897.419,,,,266365.34375,333062.8125,4796.25
1527979907.418,,854.0,,,,,,,,,<playerPosition.playerPosition object at 0x000001B477A57B00>,,0.0,,,1527979907.418,,,,268314.4375,335026.84375,4808.31005859375
1527979917.416,,864.0,,,,,,,,,<playerPosition.playerPosition object at 0x000001B477A5C358>,,0.0,,,1527979917.416,,,,267266.375,334716.40625,4880.6201171875
1527979927.417,,874.0,,,,,,,,,<playerPosition.playerPosition object at 0x000001B477A5CB00>,,0.0,,,1527979927.417,,,,267266.375,334716.40625,4880.6201171875
1527979937.424,,884.0,,,,,,,,,<playerPosition.playerPosition object at 0x000001B477A622E8>,,0.0,,,1527979937.424,,,,267266.375,334716.40625,4880.6201171875
1527979944.939,,,,,,,<itemPickup.itemPickup object at 0x000001B477265048>,,,,,,0.0,,,1527979944.939,,,,268074.875,334986.5625,4780.31005859375
1527979947.405,,894.0,,,,,,,,,<playerPosition.playerPosition object at 0x000001B477A62A58>,,0.0,,,1527979947.405,,,,268065.40625,335002.3125,4780.31005859375
1527979957.43,,904.0,,,,,,,,,<playerPosition.playerPosition object at 0x000001B477A67208>,,0.0,,,1527979957.43,,,,267271.75,334713.4375,4880.6201171875
1527979967.408,,914.0,,,,,,,,,<playerPosition.playerPosition object at 0x000001B477A67940>,,0.0,,,1527979967.408,,,,267271.75,334713.4375,4880.6201171875
1527979977.413,,923.0,,,,,,,,,<playerPosition.playerPosition object at 0x000001B477A67128>,,0.0,,,1527979977.413,,,,267644.28125,334082.125,4797.18994140625
1527979987.413,,933.0,,,,,,,,,<playerPosition.playerPosition object at 0x000001B477A6B7F0>,,0.0,,,1527979987.413,,,,267515.21875,333260.6875,4797.1796875
1527979992.104,,,,,,,,,<playerAttack.playerAttack object at 0x000001B477675048>,,,,0.0,,,1527979992.104,,,,267494.1875,333316.4375,4769.1796875
1527979997.427,,943.0,,,,,,,,,<playerPosition.playerPosition object at 0x000001B477A6BF28>,,0.0,,,1527979997.427,,,,267176.78125,331077.75,4787.77001953125
1527980007.428,,953.0,,,,,,,,,<playerPosition.playerPosition object at 0x000001B477A70668>,,0.0,,,1527980007.428,,,,268380.90625,330010.875,4763.48974609375
1527980017.438,,963.0,,,,,,,,,<playerPosition.playerPosition object at 0x000001B477A70D68>,,0.0,,,1527980017.438,,,,268402.09375,328630.4375,4736.2998046875
1527980027.411,,973.0,,,,,,,,,<playerPosition.playerPosition object at 0x000001B477A764A8>,,0.0,,,1527980027.411,,,,263166.6875,328394.4375,4749.259765625
1527980037.435,,983.0,,,,,,,,,<playerPosition.playerPosition object at 0x000001B477A76BA8>,,0.0,,,1527980037.435,,,,258506.25,326718.375,5405.15966796875
1527980047.405,,993.0,,,,,,,,,<playerPosition.playerPosition object at 0x000001B477A792E8>,,0.0,,,1527980047.405,,,,255329.0,329186.375,5531.2998046875
1527980057.436,,1002.0,,,,,,,,,<playerPosition.playerPosition object at 0x000001B477A799E8>,,0.0,,,1527980057.436,,,,259449.953125,332985.15625,4841.68994140625
1527980067.406,,1012.0,,,,,,,,,<playerPosition.playerPosition object at 0x000001B477A790B8>,,0.0,,,1527980067.406,,,,260000.0,338589.0,4414.56982421875
1527980077.429,,1022.0,,,,,,,,,<playerPosition.playerPosition object at 0x000001B477A7F828>,,0.0,,,1527980077.429,,,,264777.0625,340333.78125,4279.44970703125
1527980087.434,,1032.0,,,,,,,,,<playerPosition.playerPosition object at 0x000001B477A7FF28>,,0.0,,,1527980087.434,,,,269159.46875,337797.21875,4688.5
1527980094.848,,,,,,,,,<playerAttack.playerAttack object at 0x000001B47768A978>,,,,0.0,,,1527980094.848,,,,270959.3125,336404.6875,4713.8798828125
1527980094.949,,,,,,,,,<playerAttack.playerAttack object at 0x000001B47768AA20>,,,,0.0,,,1527980094.949,,,,270959.3125,336404.6875,4713.8798828125
1527980095.049,,,,,,,,,<playerAttack.playerAttack object at 0x000001B47768AAC8>,,,,0.0,,,1527980095.049,,,,270959.3125,336404.6875,4713.8798828125
1527980095.107,,,,,,,,,<playerAttack.playerAttack object at 0x000001B47768AB70>,,,,0.0,,,1527980095.107,,,,270959.3125,336404.6875,4713.8798828125
1527980095.206,,,,,,,,,<playerAttack.playerAttack object at 0x000001B47768AC18>,,,,0.0,,,1527980095.206,,,,270959.3125,336404.6875,4713.8798828125
1527980095.305,,,,,,,,,<playerAttack.playerAttack object at 0x000001B47768ACC0>,,,,0.0,,,1527980095.305,,,,270959.3125,336404.6875,4713.8798828125
1527980095.374,,,,,,,,,<playerAttack.playerAttack object at 0x000001B47768AD68>,,,,0.0,,,1527980095.374,,,,270959.3125,336404.6875,4713.8798828125
1527980095.473,,,,,,,,,<playerAttack.playerAttack object at 0x000001B47768AE10>,,,,0.0,,,1527980095.473,,,,270959.3125,336404.6875,4713.8798828125
1527980095.541,,,,,,,,,<playerAttack.playerAttack object at 0x000001B47768AEB8>,,,,0.0,,,1527980095.541,,,,270959.3125,336404.6875,4713.8798828125
1527980095.639,,,,,,,,,<playerAttack.playerAttack object at 0x000001B47768AF60>,,,,0.0,,,1527980095.639,,,,270959.3125,336404.6875,4713.8798828125
1527980095.708,,,,,,,,,<playerAttack.playerAttack object at 0x000001B47768A0F0>,,,,0.0,,,1527980095.708,,,,270959.3125,336404.6875,4713.8798828125
1527980095.807,,,,,,,,,<playerAttack.playerAttack object at 0x000001B47768A0B8>,,,,0.0,,,1527980095.807,,,,270959.15625,336404.84375,4713.8701171875
1527980095.878,,,,,,,,,<playerAttack.playerAttack object at 0x000001B47768F198>,,,,0.0,,,1527980095.878,,,,270957.5,336406.5,4713.81982421875
1527980096.005,,,,,,,,,<playerAttack.playerAttack object at 0x000001B47768F240>,,,,0.0,,,1527980096.005,,,,270949.4375,336414.9375,4713.5400390625
1527980096.044,,,,,,,,,<playerAttack.playerAttack object at 0x000001B47768F2E8>,,,,0.0,,,1527980096.044,,,,270943.78125,336420.90625,4713.35009765625
1527980096.144,,,,,,,,,<playerAttack.playerAttack object at 0x000001B47768F390>,,,,0.0,,,1527980096.144,,,,270938.65625,336426.28125,4713.169921875
1527980096.242,,,,,,,,,<playerAttack.playerAttack object at 0x000001B47768F438>,,,,0.0,,,1527980096.242,,,,270941.90625,336422.625,4713.2998046875
1527980096.312,,,,,,,,,<playerAttack.playerAttack object at 0x000001B47768F4E0>,,,,0.0,,,1527980096.312,,,,270943.09375,336421.3125,4713.33984375
1527980096.478,,,,,,,,,<playerAttack.playerAttack object at 0x000001B47768F588>,,,,0.0,,,1527980096.478,,,,270940.625,336424.78125,4713.2099609375
1527980096.479,,,,,,,,,<playerAttack.playerAttack object at 0x000001B47768F630>,,,,0.0,,,1527980096.479,,,,270940.625,336424.78125,4713.2099609375
1527980096.58,,,,,,,,,<playerAttack.playerAttack object at 0x000001B47768F6D8>,,,,0.0,,,1527980096.58,,,,270937.5625,336429.0625,4713.02978515625
1527980096.764,,,,,,,,,<playerAttack.playerAttack object at 0x000001B47768F780>,,,,0.0,,,1527980096.764,,,,270918.375,336455.84375,4712.52001953125
1527980097.411,,1042.0,,,,,,,,,<playerPosition.playerPosition object at 0x000001B477A84630>,,0.0,,,1527980097.411,,,,270813.0,336584.1875,4710.02978515625
1527980097.631,,,,,,,,,<playerAttack.playerAttack object at 0x000001B47768F828>,,,,0.0,,,1527980097.631,,,,270815.28125,336577.5625,4710.33984375
1527980097.729,,,,,,,,,<playerAttack.playerAttack object at 0x000001B47768F978>,,,,0.0,,,1527980097.729,,,,270803.75,336565.40625,4711.64013671875
1527980097.83,,,,,,,,,<playerAttack.playerAttack object at 0x000001B47768FA20>,,,,0.0,,,1527980097.83,,,,270789.40625,336563.28125,4712.56005859375
1527980097.899,,,,,,,,,<playerAttack.playerAttack object at 0x000001B47768FB70>,,,,0.0,,,1527980097.899,,,,270778.0,336570.59375,4712.81005859375
1527980098.002,,,,,,,,,<playerAttack.playerAttack object at 0x000001B47768FCC0>,,,,0.0,,,1527980098.002,,,,270769.3125,336581.28125,4712.5400390625
1527980098.069,,,,,,,,,<playerAttack.playerAttack object at 0x000001B47768FE10>,,,,0.0,,,1527980098.069,,,,270761.5,336592.59375,4712.02001953125
1527980098.138,,,,,,,,,<playerAttack.playerAttack object at 0x000001B47768FEB8>,,,,0.0,,,1527980098.138,,,,270754.09375,336603.9375,4711.47998046875
1527980098.236,,,,,,,,,<playerAttack.playerAttack object at 0x000001B47768F048>,,,,0.0,,,1527980098.236,,,,270746.8125,336615.28125,4710.93994140625
1527980098.336,,,,,,,,,<playerAttack.playerAttack object at 0x000001B477695198>,,,,0.0,,,1527980098.336,,,,270744.71875,336618.46875,4710.7900390625
1527980098.406,,,,,,,,,<playerAttack.playerAttack object at 0x000001B4776952E8>,,,,0.0,,,1527980098.406,,,,270747.625,336613.875,4711.009765625
1527980098.503,,,,,,,,,<playerAttack.playerAttack object at 0x000001B477695438>,,,,0.0,,,1527980098.503,,,,270753.03125,336605.0625,4711.43994140625
1527980098.603,,,,,,,,,<playerAttack.playerAttack object at 0x000001B4776954E0>,,,,0.0,,,1527980098.603,,,,270760.375,336593.4375,4712.009765625
1527980098.673,,,,,,,,,<playerAttack.playerAttack object at 0x000001B477695630>,,,,0.0,,,1527980098.673,,,,270767.84375,336581.9375,4712.5498046875
1527980098.77,,,,,,,,,<playerAttack.playerAttack object at 0x000001B477695780>,,,,0.0,,,1527980098.77,,,,270772.78125,336574.5625,4712.89990234375
1527980098.847,,,,,,,,,<playerAttack.playerAttack object at 0x000001B4776958D0>,,,,0.0,,,1527980098.847,,,,270771.90625,336576.0625,4712.85986328125
1527980098.955,,,,,,,,,<playerAttack.playerAttack object at 0x000001B477695978>,,,,0.0,,,1527980098.955,,,,270767.9375,336582.34375,4712.56005859375
1527980099.016,,,,,,,,,,,,<playerTakeDamage.playerTakeDamage object at 0x000001B477F9A550>,0.0,,,1527980099.016,,,,270764.65625,336587.34375,4712.31982421875
1527980099.019,,,,,,,,,<playerAttack.playerAttack object at 0x000001B477695AC8>,,,,0.0,,,1527980099.019,,,,270764.65625,336587.34375,4712.31982421875
1527980099.091,,,,,,,,,<playerAttack.playerAttack object at 0x000001B477695C18>,,,,0.0,,,1527980099.091,,,,270755.46875,336600.625,4711.7197265625
1527980099.18,,,,,,,,,<playerAttack.playerAttack object at 0x000001B477695D68>,,,,0.0,,,1527980099.18,,,,270747.5,336611.78125,4711.2197265625
1527980099.249,,,,,,,,,<playerAttack.playerAttack object at 0x000001B477695E10>,,,,0.0,,,1527980099.249,,,,270738.75,336624.0,4710.669921875
1527980099.346,,,,,,,,,<playerAttack.playerAttack object at 0x000001B477695F60>,,,,0.0,,,1527980099.346,,,,270734.0,336630.71875,4710.3701171875
1527980099.415,,,,,,,,,<playerAttack.playerAttack object at 0x000001B4776950F0>,,,,0.0,,,1527980099.415,,,,270729.75,336636.6875,4710.1796875
1527980099.511,,,,,,,,,<playerAttack.playerAttack object at 0x000001B47769C240>,,,,0.0,,,1527980099.511,,,,270731.03125,336634.78125,4710.2197265625
1527980099.581,,,,,,,,,<playerAttack.playerAttack object at 0x000001B47769C2E8>,,,,0.0,,,1527980099.581,,,,270736.5,336626.46875,4710.5400390625
1527980099.68,,,,,,,,,<playerAttack.playerAttack object at 0x000001B47769C438>,,,,0.0,,,1527980099.68,,,,270740.78125,336619.84375,4710.85986328125
1527980099.749,,,,,,,,,<playerAttack.playerAttack object at 0x000001B47769C588>,,,,0.0,,,1527980099.749,,,,270748.65625,336607.46875,4711.4599609375
1527980099.819,,,,,,,,,<playerAttack.playerAttack object at 0x000001B47769C6D8>,,,,0.0,,,1527980099.819,,,,270756.375,336595.625,4712.02001953125
1527980099.948,,,,,,,,,<playerAttack.playerAttack object at 0x000001B47769C780>,,,,0.0,,,1527980099.948,,,,270764.0,336584.21875,4712.5498046875
1527980100.017,,,,,,,,,<playerAttack.playerAttack object at 0x000001B47769C8D0>,,,,0.0,,,1527980100.017,,,,270766.9375,336580.0625,4712.73974609375
1527980100.088,,,,,,,,,<playerAttack.playerAttack object at 0x000001B47769CA20>,,,,0.0,,,1527980100.088,,,,270764.6875,336583.75,4712.56005859375
1527980100.185,,,,,,,,,<playerAttack.playerAttack object at 0x000001B47769CB70>,,,,0.0,,,1527980100.185,,,,270759.4375,336592.125,4712.14990234375
1527980100.22,,,,,,,,,,<playerKill.playerKill object at 0x000001B477310278>,,,0.0,,,1527980100.22,,,,270755.625,336598.21875,4711.85009765625
1527980100.251,,,,,,,,,<playerAttack.playerAttack object at 0x000001B47769CC18>,,,,0.0,,,1527980100.251,,,,270755.625,336598.21875,4711.85009765625
1527980100.35,,,,,,,,,<playerAttack.playerAttack object at 0x000001B47769CD68>,,,,0.0,,,1527980100.35,,,,270748.0625,336610.5,4711.23974609375
1527980100.42,,,,,,,,,<playerAttack.playerAttack object at 0x000001B47769CE10>,,,,0.0,,,1527980100.42,,,,270741.78125,336620.90625,4710.72998046875
1527980100.518,,,,,,,,,<playerAttack.playerAttack object at 0x000001B47769CEB8>,,,,0.0,,,1527980100.518,,,,270742.625,336619.625,4710.7900390625
1527980100.589,,,,,,,,,<playerAttack.playerAttack object at 0x000001B47769CF60>,,,,0.0,,,1527980100.589,,,,270746.125,336613.90625,4711.06982421875
1527980100.718,,,,,,,,,<playerAttack.playerAttack object at 0x000001B47769C048>,,,,0.0,,,1527980100.718,,,,270752.03125,336603.75,4711.58984375
1527980100.766,,,,,,,,,<playerAttack.playerAttack object at 0x000001B47769C0F0>,,,,0.0,,,1527980100.766,,,,270761.21875,336587.4375,4712.4296875
1527980100.865,,,,,,,,,<playerAttack.playerAttack object at 0x000001B4776A1198>,,,,0.0,,,1527980100.865,,,,270763.5,336583.46875,4712.64013671875
1527980100.934,,,,,,,,,<playerAttack.playerAttack object at 0x000001B4776A1240>,,,,0.0,,,1527980100.934,,,,270759.28125,336575.84375,4713.4296875
1527980107.423,,1052.0,,,,,,,,,<playerPosition.playerPosition object at 0x000001B477A84CF8>,,0.0,,,1527980107.423,,,,269188.84375,335611.125,4769.18994140625
1527980117.431,,1062.0,,,,,,,,,<playerPosition.playerPosition object at 0x000001B477A893C8>,,0.0,,,1527980117.431,,,,269205.75,335711.71875,4750.18994140625
1527980127.432,,1071.0,,,,,,,,,<playerPosition.playerPosition object at 0x000001B477A89A58>,,0.0,,,1527980127.432,,,,269205.75,335711.71875,4750.18994140625
1527980130.893,,,,<itemDetach.itemDetach object at 0x000001B476D07160>,,,,,,,,,0.0,,,1527980130.893,,,,269205.75,335711.71875,4750.18994140625
1527980134.393,,,,,,,<itemPickup.itemPickup object at 0x000001B4772718D0>,,,,,,0.0,,,1527980134.393,,,,269205.75,335711.71875,4750.18994140625
1527980134.3930998,,,,,,,,<itemUnequip.itemUnequip object at 0x000001B47707F240>,,,,,0.0,,,1527980134.3930998,,,,269205.75,335711.71875,4750.18994140625
1527980134.394,,,,,<itemDrop.itemDrop object at 0x000001B476DD1080>,,,,,,,,0.0,,,1527980134.394,,,,269205.75,335711.71875,4750.18994140625
1527980134.3941,,,,,,<itemEquip.itemEquip object at 0x000001B476EC0128>,,,,,,,0.0,,,1527980134.3941,,,,269205.75,335711.71875,4750.18994140625
1527980134.3942,,,,,,,<itemPickup.itemPickup object at 0x000001B477271940>,,,,,,0.0,,,1527980134.3942,,,,269205.75,335711.71875,4750.18994140625
1527980135.968,,,,,,,<itemPickup.itemPickup object at 0x000001B4772719B0>,,,,,,0.0,,,1527980135.968,,,,269205.75,335711.71875,4750.18994140625
1527980137.431,,1081.0,,,,,,,,,<playerPosition.playerPosition object at 0x000001B477A890B8>,,0.0,,,1527980137.431,,,,269205.75,335711.71875,4750.18994140625
1527980137.654,,,,,<itemDrop.itemDrop object at 0x000001B476DD7240>,,,,,,,,0.0,,,1527980137.654,,,,269205.75,335711.71875,4750.18994140625
1527980138.32,,,,,,,<itemPickup.itemPickup object at 0x000001B477271B00>,,,,,,0.0,,,1527980138.32,,,,269205.75,335711.71875,4750.18994140625
1527980141.824,,,<itemAttach.itemAttach object at 0x000001B476C3BBE0>,,,,,,,,,,0.0,,,1527980141.824,,,,269205.75,335711.71875,4750.18994140625
1527980146.515,,,<itemAttach.itemAttach object at 0x000001B476C3BC88>,,,,,,,,,,0.0,,,1527980146.515,,,,269205.75,335711.71875,4750.18994140625
1527980146.5151,,,,,,,<itemPickup.itemPickup object at 0x000001B477271C50>,,,,,,0.0,,,1527980146.5151,,,,269205.75,335711.71875,4750.18994140625
1527980147.424,,1091.0,,,,,,,,,<playerPosition.playerPosition object at 0x000001B477A8D7B8>,,0.0,,,1527980147.424,,,,269205.75,335711.71875,4750.18994140625
1527980148.219,,,<itemAttach.itemAttach object at 0x000001B476C3BD30>,,,,,,,,,,0.0,,,1527980148.219,,,,269205.75,335711.71875,4750.18994140625
1527980148.2191,,,,,,,<itemPickup.itemPickup object at 0x000001B477271CC0>,,,,,,0.0,,,1527980148.2191,,,,269205.75,335711.71875,4750.18994140625
1527980157.423,,1101.0,,,,,,,,,<playerPosition.playerPosition object at 0x000001B477A8DE48>,,0.0,,,1527980157.423,,,,269205.75,335711.71875,4750.18994140625
1527980167.451,,1111.0,,,,,,,,,<playerPosition.playerPosition object at 0x000001B477A924A8>,,0.0,,,1527980167.451,,,,265162.1875,335529.3125,4926.1201171875
1527980176.431,,,,,,,,,,,,,0.0,,,1527980176.431,,,<vehicleRide.vehicleRide object at 0x000001B477B2BDA0>,264714.6875,334916.59375,4822.37060546875
1527980177.123,,,,,,,,,,,,,0.0,,,1527980177.123,,<vehicleLeave.vehicleLeave object at 0x000001B477C1BEB8>,,264714.6875,334916.59375,4822.37060546875
1527980177.124,,,,,,,,,,,,,0.0,,,1527980177.124,,,<vehicleRide.vehicleRide object at 0x000001B477B2BE10>,264793.28125,334901.9375,4833.87939453125
1527980177.435,,1121.0,,,,,,,,,<playerPosition.playerPosition object at 0x000001B477A92AC8>,,0.0,,,1527980177.435,,,,264793.21875,334901.8125,4833.16845703125
1527980187.436,,1131.0,,,,,,,,,<playerPosition.playerPosition object at 0x000001B477A920B8>,,0.0,,,1527980187.436,,,,255170.265625,336727.0,4107.6298828125
1527980196.852,,,,,,,,,,,,,0.0,,,1527980196.852,,<vehicleLeave.vehicleLeave object at 0x000001B477C1B128>,,245677.40625,343873.5,3354.353759765625
1527980197.416,,1141.0,,,,,,,,,<playerPosition.playerPosition object at 0x000001B477A98748>,,0.0,,,1527980197.416,,,,245809.65625,344023.3125,3263.52001953125
1527980207.042,,,,<itemDetach.itemDetach object at 0x000001B476D15CC0>,,,,,,,,,0.0,,,1527980207.042,,,,242613.109375,343173.875,3455.989990234375
1527980207.043,,,<itemAttach.itemAttach object at 0x000001B476C40198>,,,,,,,,,,0.0,,,1527980207.043,,,,242613.109375,343173.875,3455.989990234375
1527980207.0430999,,,<itemAttach.itemAttach object at 0x000001B476C40208>,,,,,,,,,,0.0,,,1527980207.0430999,,,,242613.109375,343173.875,3455.989990234375
1527980207.0432,,,,<itemDetach.itemDetach object at 0x000001B476D15D68>,,,,,,,,,0.0,,,1527980207.0432,,,,242613.109375,343173.875,3455.989990234375
1527980207.42,,1150.0,,,,,,,,,<playerPosition.playerPosition object at 0x000001B477A98D30>,,0.0,,,1527980207.42,,,,242474.21875,343218.5625,3446.369873046875
1527980217.435,,1160.0,,,,,,,,,<playerPosition.playerPosition object at 0x000001B477A9B358>,,0.0,,,1527980217.435,,,,238091.3125,341782.75,4437.169921875
1527980227.425,,1170.0,,,,,,,,,<playerPosition.playerPosition object at 0x000001B477A9B8D0>,,0.0,,,1527980227.425,,,,236968.421875,343606.5,4125.02978515625
1527980237.42,,1180.0,,,,,,,,,<playerPosition.playerPosition object at 0x000001B477A9BE10>,,0.0,,,1527980237.42,,,,237949.296875,345874.5,3066.219970703125
1527980247.418,,1190.0,,,,,,,,,<playerPosition.playerPosition object at 0x000001B477AA1390>,,0.0,,,1527980247.418,,,,241691.59375,341950.71875,3503.919921875
1527980257.421,,1200.0,,,,,,,,,<playerPosition.playerPosition object at 0x000001B477AA18D0>,,0.0,,,1527980257.421,,,,243790.5,340240.5625,3931.869873046875
1527980267.443,,1210.0,,,,,,,,,<playerPosition.playerPosition object at 0x000001B477AA1E10>,,0.0,,,1527980267.443,,,,246622.953125,339408.75,4246.5498046875
1527980277.423,,1220.0,,,,,,,,,<playerPosition.playerPosition object at 0x000001B477AA6390>,,0.0,,,1527980277.423,,,,247560.8125,338343.3125,4143.7998046875
1527980287.406,,1230.0,,,,,,,,,<playerPosition.playerPosition object at 0x000001B477AA68D0>,,0.0,,,1527980287.406,,,,246128.96875,340084.78125,4158.56005859375
1527980297.424,,1239.0,,,,,,,,,<playerPosition.playerPosition object at 0x000001B477AA6DD8>,,0.0,,,1527980297.424,,,,245754.6875,342311.34375,3687.579833984375
1527980307.428,,1249.0,,,,,,,,,<playerPosition.playerPosition object at 0x000001B477AAC320>,,0.0,,,1527980307.428,,,,245894.53125,342373.875,3705.179931640625
1527980317.41,,1259.0,,,,,,,,,<playerPosition.playerPosition object at 0x000001B477AAC828>,,0.0,,,1527980317.41,,,,245885.4375,340560.46875,4034.93994140625
1527980327.433,,1269.0,,,,,,,,,<playerPosition.playerPosition object at 0x000001B477AACD30>,,0.0,,,1527980327.433,,,,244441.609375,341285.75,3813.869873046875
1527980337.431,,1279.0,,,,,,,,,<playerPosition.playerPosition object at 0x000001B477AAF278>,,0.0,,,1527980337.431,,,,244869.0,344419.9375,3297.83984375
1527980344.348,,,,,,,,,,,,,0.0,,,1527980344.348,,,<vehicleRide.vehicleRide object at 0x000001B477B2B128>,245646.671875,343922.71875,3348.57666015625
1527980347.421,,1289.0,,,,,,,,,<playerPosition.playerPosition object at 0x000001B477AAF780>,,0.0,,,1527980347.421,,,,245859.78125,344872.8125,3190.022705078125
1527980357.413,,1299.0,,,,,,,,,<playerPosition.playerPosition object at 0x000001B477AAFC50>,,0.0,,,1527980357.413,,,,253696.421875,360788.59375,715.8688354492188
1527980367.417,,1309.0,,,,,,,,,<playerPosition.playerPosition object at 0x000001B477AAF0F0>,,0.0,,,1527980367.417,,,,248693.28125,381376.875,650.3331298828125
1527980377.428,,1319.0,,,,,,,,,<playerPosition.playerPosition object at 0x000001B477AB4630>,,0.0,,,1527980377.428,,,,234899.84375,407832.125,553.6351928710938
1527980387.415,,1328.0,,,,,,,,,<playerPosition.playerPosition object at 0x000001B477AB4AC8>,,0.0,,,1527980387.415,,,,225271.5625,435524.53125,1252.703125
1527980397.411,,1338.0,,,,,,,,,<playerPosition.playerPosition object at 0x000001B477AB4F28>,,0.0,,,1527980397.411,,,,202065.984375,449186.25,354.2389831542969
1527980407.404,,1348.0,,,,,,,,,<playerPosition.playerPosition object at 0x000001B477ABA3C8>,,0.0,,,1527980407.404,,,,185015.84375,450392.21875,3138.109375
1527980417.439,,1358.0,,,,,,,,,<playerPosition.playerPosition object at 0x000001B477ABA828>,,0.0,,,1527980417.439,,,,188829.296875,449650.9375,2278.892333984375
1527980420.613,,,,,,,,,,,,,0.0,,,1527980420.613,,<vehicleLeave.vehicleLeave object at 0x000001B477C4A358>,,189032.5625,448490.15625,2164.162353515625
1527980427.425,,1368.0,,,,,,,,,<playerPosition.playerPosition object at 0x000001B477ABAC88>,,0.0,,,1527980427.425,,,,186569.296875,449468.65625,2706.56005859375
1527980437.42,,1378.0,,,,,,,,,<playerPosition.playerPosition object at 0x000001B477ABA160>,,0.0,,,1527980437.42,,,,186435.859375,450412.9375,3146.139892578125
1527980439.808,,,,,,,,,,,,<playerTakeDamage.playerTakeDamage object at 0x000001B478053630>,0.0,,,1527980439.808,,,,186265.75,450253.78125,3146.139892578125
1527980440.108,,,,,,,,,<playerAttack.playerAttack object at 0x000001B4776EAF60>,,,,0.0,,,1527980440.108,,,,186259.5,450214.78125,3146.139892578125
1527980440.208,,,,,,,,,<playerAttack.playerAttack object at 0x000001B4776EA0B8>,,,,0.0,,,1527980440.208,,,,186259.171875,450196.21875,3146.139892578125
1527980440.306,,,,,,,,,<playerAttack.playerAttack object at 0x000001B4776F2240>,,,,0.0,,,1527980440.306,,,,186258.921875,450193.625,3146.139892578125
1527980440.375,,,,,,,,,<playerAttack.playerAttack object at 0x000001B4776F2390>,,,,0.0,,,1527980440.375,,,,186258.921875,450193.625,3146.139892578125
1527980440.475,,,,,,,,,<playerAttack.playerAttack object at 0x000001B4776F24E0>,,,,0.0,,,1527980440.475,,,,186258.828125,450193.84375,3146.139892578125
1527980440.511,,,,,,,,,,,,<playerTakeDamage.playerTakeDamage object at 0x000001B478053710>,0.0,,,1527980440.511,,,,186260.234375,450193.75,3146.139892578125
1527980440.543,,,,,,,,,<playerAttack.playerAttack object at 0x000001B4776F2630>,,,,0.0,,,1527980440.543,,,,186260.234375,450193.75,3146.139892578125
1527980440.642,,,,,,,,,<playerAttack.playerAttack object at 0x000001B4776F2780>,,,,0.0,,,1527980440.642,,,,186268.59375,450191.375,3146.139892578125
1527980440.712,,,,,,,,,<playerAttack.playerAttack object at 0x000001B4776F2828>,,,,0.0,,,1527980440.712,,,,186275.0625,450188.125,3146.139892578125
1527980440.714,,,,,,,,,,,,<playerTakeDamage.playerTakeDamage object at 0x000001B4780537F0>,0.0,,,1527980440.714,,,,186275.0625,450188.125,3146.139892578125
1527980440.808,,,,,,,,,<playerAttack.playerAttack object at 0x000001B4776F2978>,,,,0.0,,,1527980440.808,,,,186286.53125,450176.0625,3146.139892578125
1527980440.875,,,,,,,,,<playerAttack.playerAttack object at 0x000001B4776F2AC8>,,,,0.0,,,1527980440.875,,,,186291.65625,450169.34375,3146.139892578125
1527980440.943,,,,,,,,,<playerAttack.playerAttack object at 0x000001B4776F2C18>,,,,0.0,,,1527980440.943,,,,186299.953125,450154.9375,3146.139892578125
1527980441.01,,,,,,,,,,,,<playerTakeDamage.playerTakeDamage object at 0x000001B4780538D0>,0.0,,,1527980441.01,,,,186298.15625,450151.9375,3146.139892578125
1527980441.042,,,,,,,,,<playerAttack.playerAttack object at 0x000001B4776F2D68>,,,,0.0,,,1527980441.042,,,,186295.3125,450149.9375,3146.139892578125
1527980441.109,,,,,,,,,<playerAttack.playerAttack object at 0x000001B4776F2E10>,,,,0.0,,,1527980441.109,,,,186289.859375,450147.3125,3146.139892578125
1527980441.214,,,,,,,,,<playerAttack.playerAttack object at 0x000001B4776F2F60>,,,,0.0,,,1527980441.214,,,,186276.015625,450148.46875,3146.139892578125
1527980441.217,,,,,,,,<itemUnequip.itemUnequip object at 0x000001B47709F828>,,,,,0.0,,,1527980441.217,,,,186276.015625,450148.46875,3146.139892578125
1527980441.2171,,,,,,,,,,,,<playerTakeDamage.playerTakeDamage object at 0x000001B4780539B0>,0.0,,,1527980441.2171,,,,186276.015625,450148.46875,3146.139892578125
1527980441.317,,,,,,,,,,,,<playerTakeDamage.playerTakeDamage object at 0x000001B478053A90>,0.0,,,1527980441.317,,,,186259.953125,450156.0625,3146.139892578125
1527980441.318,,,,<itemDetach.itemDetach object at 0x000001B476D292E8>,,,,,,,,,0.0,,,1527980441.318,,,,186259.953125,450156.0625,3146.139892578125
1527980441.3181,,,,<itemDetach.itemDetach object at 0x000001B476D29390>,,,,,,,,,0.0,,,1527980441.3181,,,,186259.953125,450156.0625,3146.139892578125
1527980441.3182,,,,<itemDetach.itemDetach object at 0x000001B476D29438>,,,,,,,,,0.0,,,1527980441.3182,,,,186259.953125,450156.0625,3146.139892578125
1527980441.3183,,,,<itemDetach.itemDetach object at 0x000001B476D294E0>,,,,,,,,,0.0,,,1527980441.3183,,,,186259.953125,450156.0625,3146.139892578125
1527980441.3184001,,,,,,,<itemPickup.itemPickup object at 0x000001B47727DDA0>,,,,,,0.0,,,1527980441.3184001,,,,186259.953125,450156.0625,3146.139892578125
1527980441.349,,,,,,,,,<playerAttack.playerAttack object at 0x000001B4776F8198>,,,,0.0,,,1527980441.349,,,,186259.953125,450156.0625,3146.139892578125
1527980441.383,,,,,,,,,<playerAttack.playerAttack object at 0x000001B4776F8240>,,,,0.0,,,1527980441.383,,,,186259.953125,450156.0625,3146.139892578125
1527980447.414,,1388.0,,,,,,,,,<playerPosition.playerPosition object at 0x000001B477ABD518>,,0.0,,,1527980447.414,,,,186259.953125,450156.0625,3146.139892578125
1527980501.353,,,,,,,,<itemUnequip.itemUnequip object at 0x000001B4770A5BE0>,,,,,0.0,,,1527980501.353,,,,186259.953125,450156.0625,3146.139892578125
1527980501.354,,,,,,,,<itemUnequip.itemUnequip object at 0x000001B4770A5CC0>,,,,,0.0,,,1527980501.354,,,,186259.953125,450156.0625,3146.139892578125
1527980501.3541,,,,,,,,<itemUnequip.itemUnequip object at 0x000001B4770A5DD8>,,,,,0.0,,,1527980501.3541,,,,186259.953125,450156.0625,3146.139892578125
1527980501.3542001,,,,,,,,<itemUnequip.itemUnequip object at 0x000001B4770A5EB8>,,,,,0.0,,,1527980501.3542001,,,,186259.953125,450156.0625,3146.139892578125
1527980501.3543,,,,,,,,<itemUnequip.itemUnequip object at 0x000001B4770A5390>,,,,,0.0,,,1527980501.3543,,,,186259.953125,450156.0625,3146.139892578125
1527980501.3544002,,,,,,,,<itemUnequip.itemUnequip object at 0x000001B4770A51D0>,,,,,0.0,,,1527980501.3544002,,,,186259.953125,450156.0625,3146.139892578125
1527980501.3545,,,,,,,,<itemUnequip.itemUnequip object at 0x000001B4770A5128>,,,,,0.0,,,1527980501.3545,,,,186259.953125,450156.0625,3146.139892578125
